<?xml version="1.0" encoding="utf-8"?>
<extension type="plugin" group="djclassifiedspayment"  method="upgrade">
	<name>DJ Classifieds Jahanpay Payment</name>
	<author>Seyed Hamzeh Fazeli</author>
	<creationDate>26/05/2014</creationDate>
	<copyright>Copyright (C) 2014 ModuleBank - All rights reserved.</copyright>
	<license>do not copy please. for order or technical support call me at 09160666110</license>
    <authorEmail>support@modulebank.ir</authorEmail>
	<authorUrl>http://www.modulebank.ir/</authorUrl>
	<version>1.0</version>
	<description>DJ Classifieds Jahanpay payment</description>
	<files>
		<filename plugin="djcfJahanpay">djcfJahanpay.php</filename>
		<folder>djcfJahanpay</folder>
	</files>
	<config>
		<fields name="params">
			<fieldset name="basic">
				<field name="api" type="text" size="50" default="" label="Jahanpay API" description="" />
			</fieldset>
		</fields>
	</config>
</extension>